제목,댓글시간
"""중형세단이 2400만원, 가성비가 괴물""…'아반떼 값' 2022년형 르노삼성 SM6 나왔다",2021.10.05. 14:21
"""중형세단이 2400만원, 가성비가 괴물""…'아반떼 값' 2022년형 르노삼성 SM6 나왔다",2021.10.05. 14:11
"""중형세단이 2400만원, 가성비가 괴물""…'아반떼 값' 2022년형 르노삼성 SM6 나왔다",2021.10.05. 14:16
"""중형세단이 2400만원, 가성비가 괴물""…'아반떼 값' 2022년형 르노삼성 SM6 나왔다",2021.10.05. 14:13
"""중형세단이 2400만원, 가성비가 괴물""…'아반떼 값' 2022년형 르노삼성 SM6 나왔다",2021.10.05. 14:19
"""중형세단이 2400만원, 가성비가 괴물""…'아반떼 값' 2022년형 르노삼성 SM6 나왔다",2021.10.05. 14:17
"""중형세단이 2400만원, 가성비가 괴물""…'아반떼 값' 2022년형 르노삼성 SM6 나왔다",2021.10.05. 14:35
"""중형세단이 2400만원, 가성비가 괴물""…'아반떼 값' 2022년형 르노삼성 SM6 나왔다",2021.10.05. 14:26
"""중형세단이 2400만원, 가성비가 괴물""…'아반떼 값' 2022년형 르노삼성 SM6 나왔다",2021.10.05. 14:07
"""중형세단이 2400만원, 가성비가 괴물""…'아반떼 값' 2022년형 르노삼성 SM6 나왔다",2021.10.05. 14:37
"""중형세단이 2400만원, 가성비가 괴물""…'아반떼 값' 2022년형 르노삼성 SM6 나왔다",2021.10.05. 14:37
"""중형세단이 2400만원, 가성비가 괴물""…'아반떼 값' 2022년형 르노삼성 SM6 나왔다",2021.10.05. 14:36
"""중형세단이 2400만원, 가성비가 괴물""…'아반떼 값' 2022년형 르노삼성 SM6 나왔다",2021.10.05. 14:36
"""중형세단이 2400만원, 가성비가 괴물""…'아반떼 값' 2022년형 르노삼성 SM6 나왔다",2021.10.05. 14:36
"""중형세단이 2400만원, 가성비가 괴물""…'아반떼 값' 2022년형 르노삼성 SM6 나왔다",2021.10.05. 14:34
"""중형세단이 2400만원, 가성비가 괴물""…'아반떼 값' 2022년형 르노삼성 SM6 나왔다",2021.10.05. 14:31
"""중형세단이 2400만원, 가성비가 괴물""…'아반떼 값' 2022년형 르노삼성 SM6 나왔다",2021.10.05. 14:25
"""중형세단이 2400만원, 가성비가 괴물""…'아반떼 값' 2022년형 르노삼성 SM6 나왔다",2021.10.05. 14:24
"""중형세단이 2400만원, 가성비가 괴물""…'아반떼 값' 2022년형 르노삼성 SM6 나왔다",2021.10.05. 14:23
"""중형세단이 2400만원, 가성비가 괴물""…'아반떼 값' 2022년형 르노삼성 SM6 나왔다",2021.10.05. 14:23
"""중형세단이 2400만원, 가성비가 괴물""…'아반떼 값' 2022년형 르노삼성 SM6 나왔다",2021.10.05. 14:22
"""중형세단이 2400만원, 가성비가 괴물""…'아반떼 값' 2022년형 르노삼성 SM6 나왔다",2021.10.05. 14:20
"""중형세단이 2400만원, 가성비가 괴물""…'아반떼 값' 2022년형 르노삼성 SM6 나왔다",2021.10.05. 14:20
"""중형세단이 2400만원, 가성비가 괴물""…'아반떼 값' 2022년형 르노삼성 SM6 나왔다",2021.10.05. 14:19
"""중형세단이 2400만원, 가성비가 괴물""…'아반떼 값' 2022년형 르노삼성 SM6 나왔다",2021.10.05. 14:18
"""중형세단이 2400만원, 가성비가 괴물""…'아반떼 값' 2022년형 르노삼성 SM6 나왔다",2021.10.05. 14:18
"""중형세단이 2400만원, 가성비가 괴물""…'아반떼 값' 2022년형 르노삼성 SM6 나왔다",2021.10.05. 14:17
"""중형세단이 2400만원, 가성비가 괴물""…'아반떼 값' 2022년형 르노삼성 SM6 나왔다",2021.10.05. 14:17
"""중형세단이 2400만원, 가성비가 괴물""…'아반떼 값' 2022년형 르노삼성 SM6 나왔다",2021.10.05. 14:17
"""중형세단이 2400만원, 가성비가 괴물""…'아반떼 값' 2022년형 르노삼성 SM6 나왔다",2021.10.05. 14:17
"""중형세단이 2400만원, 가성비가 괴물""…'아반떼 값' 2022년형 르노삼성 SM6 나왔다",2021.10.05. 14:17
"""중형세단이 2400만원, 가성비가 괴물""…'아반떼 값' 2022년형 르노삼성 SM6 나왔다",2021.10.05. 14:16
"""중형세단이 2400만원, 가성비가 괴물""…'아반떼 값' 2022년형 르노삼성 SM6 나왔다",2021.10.05. 14:16
"""중형세단이 2400만원, 가성비가 괴물""…'아반떼 값' 2022년형 르노삼성 SM6 나왔다",2021.10.05. 14:15
"""중형세단이 2400만원, 가성비가 괴물""…'아반떼 값' 2022년형 르노삼성 SM6 나왔다",2021.10.05. 14:14
"""중형세단이 2400만원, 가성비가 괴물""…'아반떼 값' 2022년형 르노삼성 SM6 나왔다",2021.10.05. 14:20
"""중형세단이 2400만원, 가성비가 괴물""…'아반떼 값' 2022년형 르노삼성 SM6 나왔다",2021.10.05. 14:19
"""중형세단이 2400만원, 가성비가 괴물""…'아반떼 값' 2022년형 르노삼성 SM6 나왔다",2021.10.05. 14:16
"""중형세단이 2400만원, 가성비가 괴물""…'아반떼 값' 2022년형 르노삼성 SM6 나왔다",2021.10.05. 14:17
"""중형세단이 2400만원, 가성비가 괴물""…'아반떼 값' 2022년형 르노삼성 SM6 나왔다",2021.10.05. 14:14
"""중형세단이 2400만원, 가성비가 괴물""…'아반떼 값' 2022년형 르노삼성 SM6 나왔다",2021.10.05. 14:29
"""중형세단이 2400만원, 가성비가 괴물""…'아반떼 값' 2022년형 르노삼성 SM6 나왔다",2021.10.05. 14:27
"""중형세단이 2400만원, 가성비가 괴물""…'아반떼 값' 2022년형 르노삼성 SM6 나왔다",2021.10.05. 14:13
"""중형세단이 2400만원, 가성비가 괴물""…'아반떼 값' 2022년형 르노삼성 SM6 나왔다",2021.10.05. 14:10
"5개 완성차, 유례없는 '반도체 대란'에 실적쇼크…전년比 20.7%↓(종합)",2021.10.02. 02:08
"5개 완성차, 유례없는 '반도체 대란'에 실적쇼크…전년比 20.7%↓(종합)",2021.10.01. 22:13
"5개 완성차, 유례없는 '반도체 대란'에 실적쇼크…전년比 20.7%↓(종합)",2021.10.01. 21:34
"5개 완성차, 유례없는 '반도체 대란'에 실적쇼크…전년比 20.7%↓(종합)",2021.10.02. 14:44
"5개 완성차, 유례없는 '반도체 대란'에 실적쇼크…전년比 20.7%↓(종합)",2021.10.02. 08:50
"5개 완성차, 유례없는 '반도체 대란'에 실적쇼크…전년比 20.7%↓(종합)",2021.10.01. 20:41
반도체 쇼크에 기아 9월 판매량 감소… ‘스포티지’ 글로벌 시장 돌풍(상보),2021.10.01. 23:39
"[9월 완성차 실적]기아, 전년비 14.1% 줄어든 22.4만대 판매",2021.10.01. 22:14
"[9월 완성차 실적]기아, 전년비 14.1% 줄어든 22.4만대 판매",2021.10.01. 21:24
"기아, 9월 22만3593대 판매…전년比 14.1%↓",2021.10.02. 11:20
"기아, 9월 전세계 22만3593대 판매…14.1%↓",2021.10.01. 23:37
"기아, 9월 전세계 22만3593대 판매…14.1%↓",2021.10.01. 20:14
"""반도체 영향 지속"" 기아, 9월 22만3593대 판매…전년比 14.1% ↓",2021.10.01. 18:17
"""반도체 영향 지속"" 기아, 9월 22만3593대 판매…전년比 14.1% ↓",2021.10.01. 17:15
베뉴보다 비싼 캐스퍼?…복잡해진 현대차‧기아 SUV 족보,2021.09.16. 06:49
베뉴보다 비싼 캐스퍼?…복잡해진 현대차‧기아 SUV 족보,2021.09.16. 07:37
베뉴보다 비싼 캐스퍼?…복잡해진 현대차‧기아 SUV 족보,2021.09.16. 07:53
베뉴보다 비싼 캐스퍼?…복잡해진 현대차‧기아 SUV 족보,2021.09.16. 07:12
베뉴보다 비싼 캐스퍼?…복잡해진 현대차‧기아 SUV 족보,2021.09.16. 07:04
베뉴보다 비싼 캐스퍼?…복잡해진 현대차‧기아 SUV 족보,2021.09.16. 08:43
베뉴보다 비싼 캐스퍼?…복잡해진 현대차‧기아 SUV 족보,2021.09.16. 08:42
베뉴보다 비싼 캐스퍼?…복잡해진 현대차‧기아 SUV 족보,2021.09.16. 09:23
베뉴보다 비싼 캐스퍼?…복잡해진 현대차‧기아 SUV 족보,2021.09.16. 09:47
베뉴보다 비싼 캐스퍼?…복잡해진 현대차‧기아 SUV 족보,2021.09.16. 08:18
베뉴보다 비싼 캐스퍼?…복잡해진 현대차‧기아 SUV 족보,2021.09.16. 09:11
베뉴보다 비싼 캐스퍼?…복잡해진 현대차‧기아 SUV 족보,2021.09.16. 07:17
베뉴보다 비싼 캐스퍼?…복잡해진 현대차‧기아 SUV 족보,2021.09.16. 08:48
베뉴보다 비싼 캐스퍼?…복잡해진 현대차‧기아 SUV 족보,2021.09.16. 11:41
베뉴보다 비싼 캐스퍼?…복잡해진 현대차‧기아 SUV 족보,2021.09.16. 11:03
베뉴보다 비싼 캐스퍼?…복잡해진 현대차‧기아 SUV 족보,2021.09.16. 10:40
베뉴보다 비싼 캐스퍼?…복잡해진 현대차‧기아 SUV 족보,2021.09.16. 10:02
베뉴보다 비싼 캐스퍼?…복잡해진 현대차‧기아 SUV 족보,2021.09.16. 09:14
베뉴보다 비싼 캐스퍼?…복잡해진 현대차‧기아 SUV 족보,2021.09.16. 09:08
베뉴보다 비싼 캐스퍼?…복잡해진 현대차‧기아 SUV 족보,2021.09.16. 16:17
베뉴보다 비싼 캐스퍼?…복잡해진 현대차‧기아 SUV 족보,2021.09.16. 06:39
베뉴보다 비싼 캐스퍼?…복잡해진 현대차‧기아 SUV 족보,2021.09.16. 08:56
베뉴보다 비싼 캐스퍼?…복잡해진 현대차‧기아 SUV 족보,2021.09.16. 08:41
베뉴보다 비싼 캐스퍼?…복잡해진 현대차‧기아 SUV 족보,2021.09.16. 09:18
베뉴보다 비싼 캐스퍼?…복잡해진 현대차‧기아 SUV 족보,2021.09.16. 08:28
베뉴보다 비싼 캐스퍼?…복잡해진 현대차‧기아 SUV 족보,2021.09.16. 15:48
베뉴보다 비싼 캐스퍼?…복잡해진 현대차‧기아 SUV 족보,2021.09.16. 12:48
베뉴보다 비싼 캐스퍼?…복잡해진 현대차‧기아 SUV 족보,2021.09.16. 18:07
베뉴보다 비싼 캐스퍼?…복잡해진 현대차‧기아 SUV 족보,2021.09.17. 08:29
베뉴보다 비싼 캐스퍼?…복잡해진 현대차‧기아 SUV 족보,2021.09.16. 13:08
베뉴보다 비싼 캐스퍼?…복잡해진 현대차‧기아 SUV 족보,2021.09.16. 12:55
베뉴보다 비싼 캐스퍼?…복잡해진 현대차‧기아 SUV 족보,2021.09.16. 12:02
베뉴보다 비싼 캐스퍼?…복잡해진 현대차‧기아 SUV 족보,2021.09.17. 05:36
베뉴보다 비싼 캐스퍼?…복잡해진 현대차‧기아 SUV 족보,2021.09.16. 22:16
베뉴보다 비싼 캐스퍼?…복잡해진 현대차‧기아 SUV 족보,2021.09.16. 20:33
베뉴보다 비싼 캐스퍼?…복잡해진 현대차‧기아 SUV 족보,2021.09.16. 16:58
베뉴보다 비싼 캐스퍼?…복잡해진 현대차‧기아 SUV 족보,2021.09.16. 16:22
베뉴보다 비싼 캐스퍼?…복잡해진 현대차‧기아 SUV 족보,2021.09.16. 16:15
베뉴보다 비싼 캐스퍼?…복잡해진 현대차‧기아 SUV 족보,2021.09.16. 16:09
베뉴보다 비싼 캐스퍼?…복잡해진 현대차‧기아 SUV 족보,2021.09.16. 16:06
베뉴보다 비싼 캐스퍼?…복잡해진 현대차‧기아 SUV 족보,2021.09.16. 15:52
베뉴보다 비싼 캐스퍼?…복잡해진 현대차‧기아 SUV 족보,2021.09.16. 14:23
베뉴보다 비싼 캐스퍼?…복잡해진 현대차‧기아 SUV 족보,2021.09.16. 14:05
베뉴보다 비싼 캐스퍼?…복잡해진 현대차‧기아 SUV 족보,2021.09.16. 13:09
베뉴보다 비싼 캐스퍼?…복잡해진 현대차‧기아 SUV 족보,2021.09.18. 21:04
베뉴보다 비싼 캐스퍼?…복잡해진 현대차‧기아 SUV 족보,2021.09.16. 12:26
베뉴보다 비싼 캐스퍼?…복잡해진 현대차‧기아 SUV 족보,2021.09.16. 11:50
베뉴보다 비싼 캐스퍼?…복잡해진 현대차‧기아 SUV 족보,2021.09.16. 10:25
베뉴보다 비싼 캐스퍼?…복잡해진 현대차‧기아 SUV 족보,2021.09.16. 10:19
베뉴보다 비싼 캐스퍼?…복잡해진 현대차‧기아 SUV 족보,2021.09.22. 09:39
베뉴보다 비싼 캐스퍼?…복잡해진 현대차‧기아 SUV 족보,2021.09.16. 09:50
베뉴보다 비싼 캐스퍼?…복잡해진 현대차‧기아 SUV 족보,2021.09.16. 09:48
베뉴보다 비싼 캐스퍼?…복잡해진 현대차‧기아 SUV 족보,2021.09.16. 09:33
베뉴보다 비싼 캐스퍼?…복잡해진 현대차‧기아 SUV 족보,2021.09.16. 09:29
베뉴보다 비싼 캐스퍼?…복잡해진 현대차‧기아 SUV 족보,2021.09.16. 09:18
베뉴보다 비싼 캐스퍼?…복잡해진 현대차‧기아 SUV 족보,2021.09.16. 09:16
베뉴보다 비싼 캐스퍼?…복잡해진 현대차‧기아 SUV 족보,2021.09.22. 21:22
베뉴보다 비싼 캐스퍼?…복잡해진 현대차‧기아 SUV 족보,2021.09.22. 23:35
베뉴보다 비싼 캐스퍼?…복잡해진 현대차‧기아 SUV 족보,2021.09.16. 08:02
베뉴보다 비싼 캐스퍼?…복잡해진 현대차‧기아 SUV 족보,2021.09.16. 07:40
베뉴보다 비싼 캐스퍼?…복잡해진 현대차‧기아 SUV 족보,2021.09.16. 07:38
베뉴보다 비싼 캐스퍼?…복잡해진 현대차‧기아 SUV 족보,2021.09.16. 06:42
베뉴보다 비싼 캐스퍼?…복잡해진 현대차‧기아 SUV 족보,2021.09.16. 17:23
베뉴보다 비싼 캐스퍼?…복잡해진 현대차‧기아 SUV 족보,2021.09.16. 20:16
베뉴보다 비싼 캐스퍼?…복잡해진 현대차‧기아 SUV 족보,2021.09.16. 15:43
베뉴보다 비싼 캐스퍼?…복잡해진 현대차‧기아 SUV 족보,2021.09.16. 11:27
베뉴보다 비싼 캐스퍼?…복잡해진 현대차‧기아 SUV 족보,2021.09.16. 09:17
베뉴보다 비싼 캐스퍼?…복잡해진 현대차‧기아 SUV 족보,2021.09.24. 01:49
베뉴보다 비싼 캐스퍼?…복잡해진 현대차‧기아 SUV 족보,2021.09.20. 11:49
베뉴보다 비싼 캐스퍼?…복잡해진 현대차‧기아 SUV 족보,2021.09.20. 11:43
베뉴보다 비싼 캐스퍼?…복잡해진 현대차‧기아 SUV 족보,2021.09.18. 23:35
베뉴보다 비싼 캐스퍼?…복잡해진 현대차‧기아 SUV 족보,2021.09.18. 23:32
베뉴보다 비싼 캐스퍼?…복잡해진 현대차‧기아 SUV 족보,2021.09.18. 22:16
베뉴보다 비싼 캐스퍼?…복잡해진 현대차‧기아 SUV 족보,2021.09.17. 04:09
베뉴보다 비싼 캐스퍼?…복잡해진 현대차‧기아 SUV 족보,2021.09.17. 04:05
베뉴보다 비싼 캐스퍼?…복잡해진 현대차‧기아 SUV 족보,2021.09.17. 23:40
베뉴보다 비싼 캐스퍼?…복잡해진 현대차‧기아 SUV 족보,2021.09.17. 01:41
베뉴보다 비싼 캐스퍼?…복잡해진 현대차‧기아 SUV 족보,2021.09.17. 01:30
베뉴보다 비싼 캐스퍼?…복잡해진 현대차‧기아 SUV 족보,2021.09.17. 00:48
베뉴보다 비싼 캐스퍼?…복잡해진 현대차‧기아 SUV 족보,2021.09.17. 00:28
베뉴보다 비싼 캐스퍼?…복잡해진 현대차‧기아 SUV 족보,2021.09.17. 00:00
베뉴보다 비싼 캐스퍼?…복잡해진 현대차‧기아 SUV 족보,2021.09.16. 23:54
베뉴보다 비싼 캐스퍼?…복잡해진 현대차‧기아 SUV 족보,2021.09.16. 23:06
베뉴보다 비싼 캐스퍼?…복잡해진 현대차‧기아 SUV 족보,2021.09.18. 10:01
베뉴보다 비싼 캐스퍼?…복잡해진 현대차‧기아 SUV 족보,2021.09.16. 22:29
베뉴보다 비싼 캐스퍼?…복잡해진 현대차‧기아 SUV 족보,2021.09.16. 21:23
베뉴보다 비싼 캐스퍼?…복잡해진 현대차‧기아 SUV 족보,2021.09.16. 20:50
베뉴보다 비싼 캐스퍼?…복잡해진 현대차‧기아 SUV 족보,2021.09.16. 20:45
베뉴보다 비싼 캐스퍼?…복잡해진 현대차‧기아 SUV 족보,2021.09.16. 20:30
베뉴보다 비싼 캐스퍼?…복잡해진 현대차‧기아 SUV 족보,2021.09.16. 20:29
베뉴보다 비싼 캐스퍼?…복잡해진 현대차‧기아 SUV 족보,2021.09.16. 20:11
베뉴보다 비싼 캐스퍼?…복잡해진 현대차‧기아 SUV 족보,2021.09.16. 19:21
베뉴보다 비싼 캐스퍼?…복잡해진 현대차‧기아 SUV 족보,2021.09.16. 19:21
베뉴보다 비싼 캐스퍼?…복잡해진 현대차‧기아 SUV 족보,2021.09.16. 19:20
베뉴보다 비싼 캐스퍼?…복잡해진 현대차‧기아 SUV 족보,2021.09.16. 19:03
베뉴보다 비싼 캐스퍼?…복잡해진 현대차‧기아 SUV 족보,2021.09.16. 18:03
베뉴보다 비싼 캐스퍼?…복잡해진 현대차‧기아 SUV 족보,2021.09.16. 17:59
베뉴보다 비싼 캐스퍼?…복잡해진 현대차‧기아 SUV 족보,2021.09.16. 17:56
베뉴보다 비싼 캐스퍼?…복잡해진 현대차‧기아 SUV 족보,2021.09.16. 17:54
베뉴보다 비싼 캐스퍼?…복잡해진 현대차‧기아 SUV 족보,2021.09.16. 17:37
베뉴보다 비싼 캐스퍼?…복잡해진 현대차‧기아 SUV 족보,2021.09.16. 17:36
베뉴보다 비싼 캐스퍼?…복잡해진 현대차‧기아 SUV 족보,2021.09.16. 17:42
베뉴보다 비싼 캐스퍼?…복잡해진 현대차‧기아 SUV 족보,2021.09.16. 17:18
베뉴보다 비싼 캐스퍼?…복잡해진 현대차‧기아 SUV 족보,2021.09.16. 20:21
베뉴보다 비싼 캐스퍼?…복잡해진 현대차‧기아 SUV 족보,2021.09.16. 17:05
베뉴보다 비싼 캐스퍼?…복잡해진 현대차‧기아 SUV 족보,2021.09.16. 17:04
베뉴보다 비싼 캐스퍼?…복잡해진 현대차‧기아 SUV 족보,2021.09.16. 16:59
베뉴보다 비싼 캐스퍼?…복잡해진 현대차‧기아 SUV 족보,2021.09.17. 12:41
베뉴보다 비싼 캐스퍼?…복잡해진 현대차‧기아 SUV 족보,2021.09.16. 16:56
베뉴보다 비싼 캐스퍼?…복잡해진 현대차‧기아 SUV 족보,2021.09.16. 16:54
베뉴보다 비싼 캐스퍼?…복잡해진 현대차‧기아 SUV 족보,2021.09.17. 05:57
베뉴보다 비싼 캐스퍼?…복잡해진 현대차‧기아 SUV 족보,2021.09.16. 16:48
베뉴보다 비싼 캐스퍼?…복잡해진 현대차‧기아 SUV 족보,2021.09.17. 07:13
베뉴보다 비싼 캐스퍼?…복잡해진 현대차‧기아 SUV 족보,2021.09.16. 16:43
베뉴보다 비싼 캐스퍼?…복잡해진 현대차‧기아 SUV 족보,2021.09.16. 16:37
베뉴보다 비싼 캐스퍼?…복잡해진 현대차‧기아 SUV 족보,2021.09.16. 21:15
베뉴보다 비싼 캐스퍼?…복잡해진 현대차‧기아 SUV 족보,2021.09.16. 16:19
베뉴보다 비싼 캐스퍼?…복잡해진 현대차‧기아 SUV 족보,2021.09.16. 20:16
베뉴보다 비싼 캐스퍼?…복잡해진 현대차‧기아 SUV 족보,2021.09.16. 16:05
베뉴보다 비싼 캐스퍼?…복잡해진 현대차‧기아 SUV 족보,2021.09.16. 15:46
베뉴보다 비싼 캐스퍼?…복잡해진 현대차‧기아 SUV 족보,2021.09.16. 15:33
베뉴보다 비싼 캐스퍼?…복잡해진 현대차‧기아 SUV 족보,2021.09.16. 15:13
베뉴보다 비싼 캐스퍼?…복잡해진 현대차‧기아 SUV 족보,2021.09.16. 15:12
베뉴보다 비싼 캐스퍼?…복잡해진 현대차‧기아 SUV 족보,2021.09.16. 20:07
베뉴보다 비싼 캐스퍼?…복잡해진 현대차‧기아 SUV 족보,2021.09.16. 15:06
베뉴보다 비싼 캐스퍼?…복잡해진 현대차‧기아 SUV 족보,2021.09.16. 15:03
베뉴보다 비싼 캐스퍼?…복잡해진 현대차‧기아 SUV 족보,2021.09.16. 19:28
베뉴보다 비싼 캐스퍼?…복잡해진 현대차‧기아 SUV 족보,2021.09.16. 14:49
베뉴보다 비싼 캐스퍼?…복잡해진 현대차‧기아 SUV 족보,2021.09.16. 14:48
베뉴보다 비싼 캐스퍼?…복잡해진 현대차‧기아 SUV 족보,2021.09.16. 14:47
베뉴보다 비싼 캐스퍼?…복잡해진 현대차‧기아 SUV 족보,2021.09.16. 14:44
베뉴보다 비싼 캐스퍼?…복잡해진 현대차‧기아 SUV 족보,2021.09.16. 14:33
베뉴보다 비싼 캐스퍼?…복잡해진 현대차‧기아 SUV 족보,2021.09.16. 14:29
베뉴보다 비싼 캐스퍼?…복잡해진 현대차‧기아 SUV 족보,2021.09.16. 17:43
베뉴보다 비싼 캐스퍼?…복잡해진 현대차‧기아 SUV 족보,2021.09.16. 14:20
베뉴보다 비싼 캐스퍼?…복잡해진 현대차‧기아 SUV 족보,2021.09.17. 04:19
베뉴보다 비싼 캐스퍼?…복잡해진 현대차‧기아 SUV 족보,2021.09.16. 14:06
베뉴보다 비싼 캐스퍼?…복잡해진 현대차‧기아 SUV 족보,2021.09.16. 14:01
베뉴보다 비싼 캐스퍼?…복잡해진 현대차‧기아 SUV 족보,2021.09.16. 14:00
베뉴보다 비싼 캐스퍼?…복잡해진 현대차‧기아 SUV 족보,2021.09.16. 13:56
베뉴보다 비싼 캐스퍼?…복잡해진 현대차‧기아 SUV 족보,2021.09.16. 14:27
베뉴보다 비싼 캐스퍼?…복잡해진 현대차‧기아 SUV 족보,2021.09.16. 13:45
베뉴보다 비싼 캐스퍼?…복잡해진 현대차‧기아 SUV 족보,2021.09.16. 13:33
베뉴보다 비싼 캐스퍼?…복잡해진 현대차‧기아 SUV 족보,2021.09.16. 13:32
베뉴보다 비싼 캐스퍼?…복잡해진 현대차‧기아 SUV 족보,2021.09.16. 13:26
베뉴보다 비싼 캐스퍼?…복잡해진 현대차‧기아 SUV 족보,2021.09.16. 13:13
베뉴보다 비싼 캐스퍼?…복잡해진 현대차‧기아 SUV 족보,2021.09.16. 13:11
베뉴보다 비싼 캐스퍼?…복잡해진 현대차‧기아 SUV 족보,2021.09.16. 13:01
베뉴보다 비싼 캐스퍼?…복잡해진 현대차‧기아 SUV 족보,2021.09.16. 13:01
베뉴보다 비싼 캐스퍼?…복잡해진 현대차‧기아 SUV 족보,2021.09.16. 13:02
베뉴보다 비싼 캐스퍼?…복잡해진 현대차‧기아 SUV 족보,2021.09.16. 12:57
베뉴보다 비싼 캐스퍼?…복잡해진 현대차‧기아 SUV 족보,2021.09.16. 12:55
베뉴보다 비싼 캐스퍼?…복잡해진 현대차‧기아 SUV 족보,2021.09.16. 12:54
베뉴보다 비싼 캐스퍼?…복잡해진 현대차‧기아 SUV 족보,2021.09.16. 12:58
베뉴보다 비싼 캐스퍼?…복잡해진 현대차‧기아 SUV 족보,2021.09.16. 12:55
베뉴보다 비싼 캐스퍼?…복잡해진 현대차‧기아 SUV 족보,2021.09.16. 12:50
베뉴보다 비싼 캐스퍼?…복잡해진 현대차‧기아 SUV 족보,2021.09.16. 12:42
베뉴보다 비싼 캐스퍼?…복잡해진 현대차‧기아 SUV 족보,2021.09.16. 12:41
베뉴보다 비싼 캐스퍼?…복잡해진 현대차‧기아 SUV 족보,2021.09.16. 12:39
베뉴보다 비싼 캐스퍼?…복잡해진 현대차‧기아 SUV 족보,2021.09.16. 12:38
베뉴보다 비싼 캐스퍼?…복잡해진 현대차‧기아 SUV 족보,2021.09.16. 12:38
베뉴보다 비싼 캐스퍼?…복잡해진 현대차‧기아 SUV 족보,2021.09.16. 12:31
베뉴보다 비싼 캐스퍼?…복잡해진 현대차‧기아 SUV 족보,2021.09.16. 12:24
베뉴보다 비싼 캐스퍼?…복잡해진 현대차‧기아 SUV 족보,2021.09.19. 08:12
베뉴보다 비싼 캐스퍼?…복잡해진 현대차‧기아 SUV 족보,2021.09.16. 12:16
베뉴보다 비싼 캐스퍼?…복잡해진 현대차‧기아 SUV 족보,2021.09.16. 12:15
베뉴보다 비싼 캐스퍼?…복잡해진 현대차‧기아 SUV 족보,2021.09.16. 12:10
베뉴보다 비싼 캐스퍼?…복잡해진 현대차‧기아 SUV 족보,2021.09.16. 12:03
베뉴보다 비싼 캐스퍼?…복잡해진 현대차‧기아 SUV 족보,2021.09.23. 20:13
베뉴보다 비싼 캐스퍼?…복잡해진 현대차‧기아 SUV 족보,2021.09.16. 11:55
베뉴보다 비싼 캐스퍼?…복잡해진 현대차‧기아 SUV 족보,2021.09.23. 19:23
베뉴보다 비싼 캐스퍼?…복잡해진 현대차‧기아 SUV 족보,2021.09.16. 11:49
베뉴보다 비싼 캐스퍼?…복잡해진 현대차‧기아 SUV 족보,2021.09.16. 11:49
베뉴보다 비싼 캐스퍼?…복잡해진 현대차‧기아 SUV 족보,2021.09.16. 11:41
베뉴보다 비싼 캐스퍼?…복잡해진 현대차‧기아 SUV 족보,2021.09.16. 11:37
베뉴보다 비싼 캐스퍼?…복잡해진 현대차‧기아 SUV 족보,2021.09.16. 11:34
베뉴보다 비싼 캐스퍼?…복잡해진 현대차‧기아 SUV 족보,2021.09.16. 11:32
베뉴보다 비싼 캐스퍼?…복잡해진 현대차‧기아 SUV 족보,2021.09.16. 15:47
베뉴보다 비싼 캐스퍼?…복잡해진 현대차‧기아 SUV 족보,2021.09.21. 02:24
베뉴보다 비싼 캐스퍼?…복잡해진 현대차‧기아 SUV 족보,2021.09.16. 10:48
베뉴보다 비싼 캐스퍼?…복잡해진 현대차‧기아 SUV 족보,2021.09.19. 18:53
베뉴보다 비싼 캐스퍼?…복잡해진 현대차‧기아 SUV 족보,2021.09.16. 10:29
베뉴보다 비싼 캐스퍼?…복잡해진 현대차‧기아 SUV 족보,2021.09.16. 10:04
베뉴보다 비싼 캐스퍼?…복잡해진 현대차‧기아 SUV 족보,2021.09.16. 09:46
베뉴보다 비싼 캐스퍼?…복잡해진 현대차‧기아 SUV 족보,2021.09.16. 09:37
베뉴보다 비싼 캐스퍼?…복잡해진 현대차‧기아 SUV 족보,2021.09.16. 09:36
베뉴보다 비싼 캐스퍼?…복잡해진 현대차‧기아 SUV 족보,2021.09.16. 09:30
베뉴보다 비싼 캐스퍼?…복잡해진 현대차‧기아 SUV 족보,2021.09.16. 09:28
베뉴보다 비싼 캐스퍼?…복잡해진 현대차‧기아 SUV 족보,2021.09.16. 09:28
베뉴보다 비싼 캐스퍼?…복잡해진 현대차‧기아 SUV 족보,2021.09.16. 09:28
베뉴보다 비싼 캐스퍼?…복잡해진 현대차‧기아 SUV 족보,2021.09.16. 09:29
베뉴보다 비싼 캐스퍼?…복잡해진 현대차‧기아 SUV 족보,2021.09.16. 09:18
베뉴보다 비싼 캐스퍼?…복잡해진 현대차‧기아 SUV 족보,2021.09.16. 09:14
베뉴보다 비싼 캐스퍼?…복잡해진 현대차‧기아 SUV 족보,2021.09.16. 09:13
베뉴보다 비싼 캐스퍼?…복잡해진 현대차‧기아 SUV 족보,2021.09.16. 09:09
베뉴보다 비싼 캐스퍼?…복잡해진 현대차‧기아 SUV 족보,2021.09.16. 09:03
베뉴보다 비싼 캐스퍼?…복잡해진 현대차‧기아 SUV 족보,2021.09.30. 08:40
베뉴보다 비싼 캐스퍼?…복잡해진 현대차‧기아 SUV 족보,2021.09.16. 08:30
베뉴보다 비싼 캐스퍼?…복잡해진 현대차‧기아 SUV 족보,2021.09.16. 08:15
베뉴보다 비싼 캐스퍼?…복잡해진 현대차‧기아 SUV 족보,2021.09.16. 08:11
베뉴보다 비싼 캐스퍼?…복잡해진 현대차‧기아 SUV 족보,2021.09.16. 08:03
베뉴보다 비싼 캐스퍼?…복잡해진 현대차‧기아 SUV 족보,2021.09.16. 08:14
베뉴보다 비싼 캐스퍼?…복잡해진 현대차‧기아 SUV 족보,2021.09.17. 09:38
베뉴보다 비싼 캐스퍼?…복잡해진 현대차‧기아 SUV 족보,2021.09.16. 22:25
베뉴보다 비싼 캐스퍼?…복잡해진 현대차‧기아 SUV 족보,2021.09.16. 10:12
베뉴보다 비싼 캐스퍼?…복잡해진 현대차‧기아 SUV 족보,2021.09.17. 10:08
베뉴보다 비싼 캐스퍼?…복잡해진 현대차‧기아 SUV 족보,2021.09.29. 03:01
베뉴보다 비싼 캐스퍼?…복잡해진 현대차‧기아 SUV 족보,2021.09.16. 18:44
베뉴보다 비싼 캐스퍼?…복잡해진 현대차‧기아 SUV 족보,2021.09.16. 18:40
베뉴보다 비싼 캐스퍼?…복잡해진 현대차‧기아 SUV 족보,2021.09.16. 15:55
베뉴보다 비싼 캐스퍼?…복잡해진 현대차‧기아 SUV 족보,2021.09.16. 15:38
베뉴보다 비싼 캐스퍼?…복잡해진 현대차‧기아 SUV 족보,2021.09.16. 15:29
베뉴보다 비싼 캐스퍼?…복잡해진 현대차‧기아 SUV 족보,2021.09.16. 14:01
베뉴보다 비싼 캐스퍼?…복잡해진 현대차‧기아 SUV 족보,2021.09.16. 13:57
베뉴보다 비싼 캐스퍼?…복잡해진 현대차‧기아 SUV 족보,2021.09.19. 11:41
베뉴보다 비싼 캐스퍼?…복잡해진 현대차‧기아 SUV 족보,2021.09.16. 10:14
"기아, 인도 시장 상승세 굳힌다…신차 내놓고 가격 올리고",2021.09.11. 11:29
"기아, 인도 시장 상승세 굳힌다…신차 내놓고 가격 올리고",2021.09.11. 01:09
"기아, 인도 시장 상승세 굳힌다…신차 내놓고 가격 올리고",2021.09.10. 17:17
"기아, 인도 시장 상승세 굳힌다…신차 내놓고 가격 올리고",2021.09.11. 13:23
"기아, 인도 시장 상승세 굳힌다…신차 내놓고 가격 올리고",2021.09.10. 19:30
"""7년 연속 고공행진 끝?""…성장세 꺾인 소형 SUV",2021.09.07. 18:12
"""7년 연속 고공행진 끝?""…성장세 꺾인 소형 SUV",2021.09.08. 12:28
"""7년 연속 고공행진 끝?""…성장세 꺾인 소형 SUV",2021.09.07. 17:40
"""7년 연속 고공행진 끝?""…성장세 꺾인 소형 SUV",2021.09.23. 04:48
"""7년 연속 고공행진 끝?""…성장세 꺾인 소형 SUV",2021.09.09. 10:03
"""7년 연속 고공행진 끝?""…성장세 꺾인 소형 SUV",2021.09.07. 18:11
"""7년 연속 고공행진 끝?""…성장세 꺾인 소형 SUV",2021.09.07. 18:03
"""7년 연속 고공행진 끝?""…성장세 꺾인 소형 SUV",2021.09.07. 17:39
"""7년 연속 고공행진 끝?""…성장세 꺾인 소형 SUV",2021.09.07. 18:06
'감성' 물씬 가을 캠핑에 제격인 '트레일블레이저',2021.09.07. 01:49
'감성' 물씬 가을 캠핑에 제격인 '트레일블레이저',2021.09.07. 14:23
'감성' 물씬 가을 캠핑에 제격인 '트레일블레이저',2021.09.08. 08:40
'감성' 물씬 가을 캠핑에 제격인 '트레일블레이저',2021.09.06. 19:37
